YearMonth,year,time,TotalEbill,EnergyCharge,NonEnergyCharge,AmortizedCost,DemandCharges,EmissionsCosts,PPACost,FuelCost,CogenPPACost,TotalCredit
202001,2020,2020-01-01,1933635.588235294,1121650.9803921569,511111.2745098039,0.0,300873.3333333333,0.0,0.0,0.0,0.0,0.0
202002,2020,2020-02-01,1840109.607843137,1023143.1372549019,516093.1372549019,0.0,300873.3333333333,0.0,0.0,0.0,0.0,0.0
202003,2020,2020-03-01,1476480.196078431,689688.725490196,485918.1372549019,0.0,300873.3333333333,0.0,0.0,0.0,0.0,0.0
202004,2020,2020-04-01,1448851.2745098039,584159.8039215687,563818.1372549019,0.0,300873.3333333333,0.0,0.0,0.0,0.0,0.0
202005,2020,2020-05-01,1521700.294117647,655056.8627450981,565770.0980392157,0.0,300873.3333333333,0.0,0.0,0.0,0.0,0.0
202006,2020,2020-06-01,1588231.6666666665,725069.1176470588,562289.2156862745,0.0,300873.3333333333,0.0,0.0,0.0,0.0,0.0
202007,2020,2020-07-01,1597018.9215686272,747719.6078431372,548425.9803921569,0.0,300873.3333333333,0.0,0.0,0.0,0.0,0.0
202008,2020,2020-08-01,1613563.5294117646,758348.5294117647,554341.6666666666,0.0,300873.3333333333,0.0,0.0,0.0,0.0,0.0
202009,2020,2020-09-01,1687133.6274509802,809618.6274509804,576641.6666666666,0.0,300873.3333333333,0.0,0.0,0.0,0.0,0.0
202010,2020,2020-10-01,1718638.5294117646,833293.6274509804,584471.568627451,0.0,300873.3333333333,0.0,0.0,0.0,0.0,0.0
202011,2020,2020-11-01,1680812.5490196077,825569.1176470588,554370.0980392157,0.0,300873.3333333333,0.0,0.0,0.0,0.0,0.0
202012,2020,2020-12-01,1680710.588235294,827892.1568627451,551945.0980392157,0.0,300873.3333333333,0.0,0.0,0.0,0.0,0.0
202101,2021,2021-01-01,1739642.0761245673,827071.3187235679,611697.4240676663,0.0,300873.3333333333,0.0,0.0,0.0,0.0,0.0
202102,2021,2021-02-01,1654170.1422529796,780459.4386774318,572837.3702422145,0.0,300873.3333333333,0.0,0.0,0.0,0.0,0.0
202103,2021,2021-03-01,1474570.9496347557,677883.506343714,495814.10995770857,0.0,300873.3333333333,0.0,0.0,0.0,0.0,0.0
202104,2021,2021-04-01,1750753.1872356785,828296.8089196463,621583.044982699,0.0,300873.3333333333,0.0,0.0,0.0,0.0,0.0
202105,2021,2021-05-01,1750277.4086889657,833837.9469434833,615566.1284121491,0.0,300873.3333333333,0.0,0.0,0.0,0.0,0.0
202106,2021,2021-06-01,1730006.3590926568,831002.4990388312,598130.5267204922,0.0,300873.3333333333,0.0,0.0,0.0,0.0,0.0
202107,2021,2021-07-01,1748931.7723952325,840787.1972318339,607271.2418300654,0.0,300873.3333333333,0.0,0.0,0.0,0.0,0.0
202108,2021,2021-08-01,1627637.078046905,769059.9769319493,557703.7677816225,0.0,300873.3333333333,0.0,0.0,0.0,0.0,0.0
202109,2021,2021-09-01,1693035.0019223376,810226.8358323722,581934.8327566321,0.0,300873.3333333333,0.0,0.0,0.0,0.0,0.0
202110,2021,2021-10-01,1722667.8354479047,829133.0257593234,592661.476355248,0.0,300873.3333333333,0.0,0.0,0.0,0.0,0.0
202111,2021,2021-11-01,1693568.4505959244,819242.5990003844,573452.5182622068,0.0,300873.3333333333,0.0,0.0,0.0,0.0,0.0
202112,2021,2021-12-01,1593505.974625144,761322.5682429834,531310.0730488274,0.0,300873.3333333333,0.0,0.0,0.0,0.0,0.0
202201,2022,2022-01-01,1684499.3519837765,734983.1512766582,648642.8673737852,0.0,300873.3333333333,0.0,0.0,0.0,0.0,0.0
202202,2022,2022-02-01,1572716.3650481335,664412.6316424301,607430.4000723703,0.0,300873.3333333333,0.0,0.0,0.0,0.0,0.0
202203,2022,2022-03-01,1411503.8600538252,584875.9149949867,525754.6117255052,0.0,300873.3333333333,0.0,0.0,0.0,0.0,0.0
202204,2022,2022-04-01,1689112.0198113846,729117.1947441029,659121.4917339484,0.0,300873.3333333333,0.0,0.0,0.0,0.0,0.0
202205,2022,2022-05-01,1684913.9738109775,731298.6709485792,652741.969529065,0.0,300873.3333333333,0.0,0.0,0.0,0.0,0.0
202206,2022,2022-06-01,1659607.9075167165,724485.6804698041,634248.8937135792,0.0,300873.3333333333,0.0,0.0,0.0,0.0,0.0
202207,2022,2022-07-01,1700891.0489932226,756072.325123821,643945.3905360682,0.0,300873.3333333333,0.0,0.0,0.0,0.0,0.0
202208,2022,2022-08-01,1591963.298731257,699707.3146828896,591382.6507150341,0.0,300873.3333333333,0.0,0.0,0.0,0.0,0.0
202209,2022,2022-09-01,1646137.4097443665,728184.2956329013,617079.780778132,0.0,300873.3333333333,0.0,0.0,0.0,0.0,0.0
202210,2022,2022-10-01,1675024.3009099062,745697.356220458,628453.6113561149,0.0,300873.3333333333,0.0,0.0,0.0,0.0,0.0
202211,2022,2022-11-01,1619549.7850751218,710595.8492585807,608080.6024832077,0.0,300873.3333333333,0.0,0.0,0.0,0.0,0.0
202212,2022,2022-12-01,1524606.0982578343,660337.0875455141,563395.6773789868,0.0,300873.3333333333,0.0,0.0,0.0,0.0,0.0
202301,2023,2023-01-01,1829352.4945585504,823885.3509304454,704593.8102947718,0.0,300873.3333333333,0.0,0.0,0.0,0.0,0.0
202302,2023,2023-02-01,1729725.003815851,769022.7903058608,659828.880176657,0.0,300873.3333333333,0.0,0.0,0.0,0.0,0.0
202303,2023,2023-03-01,1544826.5802509047,672845.8622293706,571107.3846882007,0.0,300873.3333333333,0.0,0.0,0.0,0.0,0.0
202304,2023,2023-04-01,1839764.2325098694,822915.3132331176,715975.5859434184,0.0,300873.3333333333,0.0,0.0,0.0,0.0,0.0
202305,2023,2023-05-01,1838202.9337398845,828282.8551583316,709046.7452482196,0.0,300873.3333333333,0.0,0.0,0.0,0.0,0.0
202306,2023,2023-06-01,1815453.2401239814,825617.5611042451,688962.3456864031,0.0,300873.3333333333,0.0,0.0,0.0,0.0,0.0
202307,2023,2023-07-01,1843699.814024742,843332.2971483035,699494.1835431054,0.0,300873.3333333333,0.0,0.0,0.0,0.0,0.0
202308,2023,2023-08-01,1715779.557109981,772510.306789111,642395.9169875367,0.0,300873.3333333333,0.0,0.0,0.0,0.0,0.0
202309,2023,2023-09-01,1780300.9216636727,809113.0625682814,670314.525762058,0.0,300873.3333333333,0.0,0.0,0.0,0.0,0.0
202310,2023,2023-10-01,1809780.8292081787,826245.7759939431,682661.7198809023,0.0,300873.3333333333,0.0,0.0,0.0,0.0,0.0
202311,2023,2023-11-01,1769362.5918195187,807953.6365586182,660535.6219275673,0.0,300873.3333333333,0.0,0.0,0.0,0.0,0.0
202312,2023,2023-12-01,1660967.8079838278,748097.6914063602,611996.7832441343,0.0,300873.3333333333,0.0,0.0,0.0,0.0,0.0
202401,2024,2024-01-01,1864060.5520566376,829060.6967778135,734126.5219454909,0.0,300873.3333333333,0.0,0.0,0.0,0.0,0.0
202402,2024,2024-02-01,1758570.0846357474,770210.8374091147,687485.9138932994,0.0,300873.3333333333,0.0,0.0,0.0,0.0,0.0
202403,2024,2024-03-01,1570739.6292932194,674819.268517828,595047.0274420581,0.0,300873.3333333333,0.0,0.0,0.0,0.0,0.0
202404,2024,2024-04-01,1873471.0951707705,826610.6949372236,745987.0669002136,0.0,300873.3333333333,0.0,0.0,0.0,0.0,0.0
202405,2024,2024-05-01,1870477.6548442827,830835.9291650802,738768.3923458692,0.0,300873.3333333333,0.0,0.0,0.0,0.0,0.0
202406,2024,2024-06-01,1845914.2352816954,827199.419963613,717841.481984749,0.0,300873.3333333333,0.0,0.0,0.0,0.0,0.0
202407,2024,2024-07-01,1877632.928241939,847945.1841627673,728814.4107458384,0.0,300873.3333333333,0.0,0.0,0.0,0.0,0.0
202408,2024,2024-08-01,1748570.816495225,778376.0006597314,669321.4825021604,0.0,300873.3333333333,0.0,0.0,0.0,0.0,0.0
202409,2024,2024-09-01,1813738.1482624875,814455.7874693061,698409.0274598481,0.0,300873.3333333333,0.0,0.0,0.0,0.0,0.0
202410,2024,2024-10-01,1844288.4484780505,832140.1815312352,711274.933613482,0.0,300873.3333333333,0.0,0.0,0.0,0.0,0.0
202411,2024,2024-11-01,1799626.8622453373,810529.4444086935,688224.0845033107,0.0,300873.3333333333,0.0,0.0,0.0,0.0,0.0
202412,2024,2024-12-01,1689413.0086511842,750891.5992354426,637648.0760824082,0.0,300873.3333333333,0.0,0.0,0.0,0.0,0.0
202501,2025,2025-01-01,1641929.9297074703,737448.245291973,689179.4529134048,0.0,353253.3333333333,0.0,0.0,0.0,0.0,137.95110183124083
202502,2025,2025-02-01,1646735.1868421708,735536.8868918172,695896.0684482611,0.0,353253.3333333333,0.0,0.0,0.0,0.0,137.95110183124083
202503,2025,2025-03-01,1572974.9560094927,702463.5047909103,655209.2197164899,0.0,353253.3333333333,0.0,0.0,0.0,0.0,137.95110183124083
202504,2025,2025-04-01,1773652.4925123523,798101.1305522008,760249.1304580589,0.0,353253.3333333333,0.0,0.0,0.0,0.0,137.95110183124083
202505,2025,2025-05-01,1790590.5466275536,812407.6814762936,762880.6336491677,0.0,353253.3333333333,0.0,0.0,0.0,0.0,137.95110183124083
202506,2025,2025-06-01,1800451.0248410404,826962.4204017075,758186.3729372404,0.0,353253.3333333333,0.0,0.0,0.0,0.0,137.95110183124083
202507,2025,2025-07-01,1771826.3793648863,817030.4604919549,739493.6873708388,0.0,353253.3333333333,0.0,0.0,0.0,0.0,137.95110183124083
202508,2025,2025-08-01,1789423.7522313609,826650.298460869,747471.2222683995,0.0,353253.3333333333,0.0,0.0,0.0,0.0,137.95110183124083
202509,2025,2025-09-01,1853711.5483445681,860870.0516161784,777539.2652262973,0.0,353253.3333333333,0.0,0.0,0.0,0.0,137.95110183124083
202510,2025,2025-10-01,1878652.8885274138,875254.3000362124,788096.356989109,0.0,353253.3333333333,0.0,0.0,0.0,0.0,137.95110183124083
202511,2025,2025-11-01,1794797.311050661,831986.562482117,747508.5170664514,0.0,353253.3333333333,0.0,0.0,0.0,0.0,137.95110183124083
202512,2025,2025-12-01,1787982.1306923819,828441.3367387386,744238.5624515507,0.0,353253.3333333333,0.0,0.0,0.0,0.0,137.95110183124083
202601,2026,2026-01-01,1852523.4640050218,830105.2471137252,811105.2712154766,0.0,353253.3333333333,0.0,0.0,0.0,0.0,141.94038765751313
202602,2026,2026-02-01,1735393.9447734128,764508.5376551668,759572.4614424258,0.0,353253.3333333333,0.0,0.0,0.0,0.0,141.94038765751313
202603,2026,2026-03-01,1541254.672141617,672499.0323774623,657442.6940883346,0.0,353253.3333333333,0.0,0.0,0.0,0.0,141.94038765751313
202604,2026,2026-04-01,1862822.1909180244,827297.6905376953,824211.554704509,0.0,353253.3333333333,0.0,0.0,0.0,0.0,141.94038765751313
202605,2026,2026-05-01,1858530.3292374578,830984.5128941252,816232.8706675124,0.0,353253.3333333333,0.0,0.0,0.0,0.0,141.94038765751313
202606,2026,2026-06-01,1831281.7956468423,826858.0576474953,793110.7923235269,0.0,353253.3333333333,0.0,0.0,0.0,0.0,141.94038765751313
202607,2026,2026-07-01,1869695.2635281812,853144.6222407424,805237.6956116187,0.0,353253.3333333333,0.0,0.0,0.0,0.0,141.94038765751313
202608,2026,2026-08-01,1736434.2641868563,785615.2691856611,739506.0493253751,0.0,353253.3333333333,0.0,0.0,0.0,0.0,141.94038765751313
202609,2026,2026-09-01,1802692.5993811614,819736.8753864334,771642.7783189078,0.0,353253.3333333333,0.0,0.0,0.0,0.0,141.94038765751313
202610,2026,2026-10-01,1834868.5035827316,837696.5318712385,785859.026035673,0.0,353253.3333333333,0.0,0.0,0.0,0.0,141.94038765751313
202611,2026,2026-11-01,1780780.5996854492,809076.8659993061,760390.788010323,0.0,353253.3333333333,0.0,0.0,0.0,0.0,141.94038765751313
202612,2026,2026-12-01,1665901.478515557,750074.6498937481,704513.8829459889,0.0,353253.3333333333,0.0,0.0,0.0,0.0,141.94038765751313
202701,2027,2027-01-01,1881275.0096152946,827813.113372857,844742.0948854128,0.0,353253.3333333333,0.0,0.0,0.0,0.0,144.53353197630855
202702,2027,2027-02-01,1758619.9083715635,758829.7541214161,791070.3528931226,0.0,353253.3333333333,0.0,0.0,0.0,0.0,144.53353197630855
202703,2027,2027-03-01,1562108.0178568964,668684.1011163166,684704.115383555,0.0,353253.3333333333,0.0,0.0,0.0,0.0,144.53353197630855
202704,2027,2027-04-01,1890723.148024369,823618.2081984575,858385.1384688867,0.0,353253.3333333333,0.0,0.0,0.0,0.0,144.53353197630855
202705,2027,2027-05-01,1885068.7743152347,826268.2958010029,850080.6771572069,0.0,353253.3333333333,0.0,0.0,0.0,0.0,144.53353197630855
202706,2027,2027-06-01,1856118.380924466,821399.1332333633,825999.446334078,0.0,353253.3333333333,0.0,0.0,0.0,0.0,144.53353197630855
202707,2027,2027-07-01,1896787.197111675,849440.5593788144,838626.8363758357,0.0,353253.3333333333,0.0,0.0,0.0,0.0,144.53353197630855
202708,2027,2027-08-01,1761530.310537322,782637.8680257644,770172.6411545328,0.0,353253.3333333333,0.0,0.0,0.0,0.0,144.53353197630855
202709,2027,2027-09-01,1827057.0337854428,814699.2338195209,803637.9986088971,0.0,353253.3333333333,0.0,0.0,0.0,0.0,144.53353197630855
202710,2027,2027-10-01,1858900.7595345457,831734.9016284755,818446.0565490455,0.0,353253.3333333333,0.0,0.0,0.0,0.0,144.53353197630855
202711,2027,2027-11-01,1800133.6800262504,799494.3028567691,791919.5758124568,0.0,353253.3333333333,0.0,0.0,0.0,0.0,144.53353197630855
202712,2027,2027-12-01,1683068.940713815,740624.8045039311,733724.334852859,0.0,353253.3333333333,0.0,0.0,0.0,0.0,144.53353197630855
202801,2028,2028-01-01,1905334.2201035249,816719.1610313375,880149.3939608143,0.0,353253.3333333333,0.0,0.0,0.0,0.0,144.78766822196036
202802,2028,2028-02-01,1778519.775784194,745820.8873539472,824233.2233188739,0.0,353253.3333333333,0.0,0.0,0.0,0.0,144.78766822196036
202803,2028,2028-03-01,1580447.2530231478,658576.5995577344,713404.9883540403,0.0,353253.3333333333,0.0,0.0,0.0,0.0,144.78766822196036
202804,2028,2028-04-01,1914132.7017241756,811296.9869084826,894370.0497043201,0.0,353253.3333333333,0.0,0.0,0.0,0.0,144.78766822196036
202805,2028,2028-05-01,1906652.1096472743,812472.6280570338,885713.8164788675,0.0,353253.3333333333,0.0,0.0,0.0,0.0,144.78766822196036
202806,2028,2028-06-01,1875491.3435461766,806401.9686031276,860623.7098316759,0.0,353253.3333333333,0.0,0.0,0.0,0.0,144.78766822196036
202807,2028,2028-07-01,1917032.0587204245,834784.7072215282,873781.6863875234,0.0,353253.3333333333,0.0,0.0,0.0,0.0,144.78766822196036
202808,2028,2028-08-01,1779641.0278404632,768718.6952045524,802456.667524538,0.0,353253.3333333333,0.0,0.0,0.0,0.0,144.78766822196036
202809,2028,2028-09-01,1843795.05407492,798000.9457337661,837328.443229781,0.0,353253.3333333333,0.0,0.0,0.0,0.0,144.78766822196036
202810,2028,2028-10-01,1874587.647859034,813367.9561915175,852754.0265561435,0.0,353253.3333333333,0.0,0.0,0.0,0.0,144.78766822196036
202811,2028,2028-11-01,1811839.3704712433,778257.7052355007,825116.0001243696,0.0,353253.3333333333,0.0,0.0,0.0,0.0,144.78766822196036
202812,2028,2028-12-01,1692898.7932037741,719948.4145331646,764484.7135592367,0.0,353253.3333333333,0.0,0.0,0.0,0.0,144.78766822196036
202901,2029,2029-01-01,1927160.8504891535,803280.9534962525,915516.906143672,0.0,353253.3333333333,0.0,0.0,0.0,0.0,144.89034248410422
202902,2029,2029-02-01,1795375.9978557092,729658.7953239568,857354.2116825234,0.0,353253.3333333333,0.0,0.0,0.0,0.0,144.89034248410422
202903,2029,2029-03-01,1595034.6378016982,644596.8801099019,742074.7668425672,0.0,353253.3333333333,0.0,0.0,0.0,0.0,144.89034248410422
202904,2029,2029-04-01,1934088.6918815991,795417.9150419491,930307.785990421,0.0,353253.3333333333,0.0,0.0,0.0,0.0,144.89034248410422
202905,2029,2029-05-01,1926209.2464612983,796541.7922127781,921304.4633992912,0.0,353253.3333333333,0.0,0.0,0.0,0.0,144.89034248410422
202906,2029,2029-06-01,1894264.8836641596,790692.7088346683,895209.1839802624,0.0,353253.3333333333,0.0,0.0,0.0,0.0,144.89034248410422
202907,2029,2029-07-01,1938120.7037754855,820865.1193040765,908892.59362218,0.0,353253.3333333333,0.0,0.0,0.0,0.0,144.89034248410422
202908,2029,2029-08-01,1799974.0500765094,756906.66410431,834704.3951229703,0.0,353253.3333333333,0.0,0.0,0.0,0.0,144.89034248410422
202909,2029,2029-09-01,1864219.627181232,784880.5411300528,870976.0952019503,0.0,353253.3333333333,0.0,0.0,0.0,0.0,144.89034248410422
202910,2029,2029-10-01,1895495.4061139724,800110.307317235,887022.1079475083,0.0,353253.3333333333,0.0,0.0,0.0,0.0,144.89034248410422
202911,2029,2029-11-01,1829588.6237020027,762952.6310743899,858273.0017783836,0.0,353253.3333333333,0.0,0.0,0.0,0.0,144.89034248410422
202912,2029,2029-12-01,1709551.1587227704,705983.5433895597,795204.6244839816,0.0,353253.3333333333,0.0,0.0,0.0,0.0,144.89034248410422
203001,2030,2030-01-01,1830579.6122208177,698383.0163912164,865465.4457106909,0.0,411366.6666666667,0.0,0.0,0.0,0.0,144.63551654775654
203002,2030,2030-02-01,1822064.4772944176,681432.3685792863,873900.9585962209,0.0,411366.6666666667,0.0,0.0,0.0,0.0,144.63551654775654
203003,2030,2030-03-01,1745753.9894876485,656216.3095145944,822806.5298541437,0.0,411366.6666666667,0.0,0.0,0.0,0.0,144.63551654775654
203004,2030,2030-04-01,1972196.6609334813,750750.5935241783,954714.9172903928,0.0,411366.6666666667,0.0,0.0,0.0,0.0,144.63551654775654
203005,2030,2030-05-01,1986520.5856597328,761769.8014227954,958019.6341180272,0.0,411366.6666666667,0.0,0.0,0.0,0.0,144.63551654775654
203006,2030,2030-06-01,1992413.823078689,773558.2869183053,952124.3860414734,0.0,411366.6666666667,0.0,0.0,0.0,0.0,144.63551654775654
203007,2030,2030-07-01,1969163.382881541,773781.8720431733,928650.3607194575,0.0,411366.6666666667,0.0,0.0,0.0,0.0,144.63551654775654
203008,2030,2030-08-01,1991760.3593594253,786360.9481061118,938668.2611344035,0.0,411366.6666666667,0.0,0.0,0.0,0.0,144.63551654775654
203009,2030,2030-09-01,2055146.3401279652,811987.5834522608,976427.6065567944,0.0,411366.6666666667,0.0,0.0,0.0,0.0,144.63551654775654
203010,2030,2030-10-01,2080333.8478547696,823917.6192426512,989685.0784932082,0.0,411366.6666666667,0.0,0.0,0.0,0.0,144.63551654775654
203011,2030,2030-11-01,1972880.2845167106,767433.4217440904,938715.71265371,0.0,411366.6666666667,0.0,0.0,0.0,0.0,144.63551654775654
203012,2030,2030-12-01,1964651.0651007078,763310.7694056982,934609.1455760996,0.0,411366.6666666667,0.0,0.0,0.0,0.0,144.63551654775654
203101,2031,2031-01-01,2054264.924994914,770700.8270746561,1018867.2266913487,0.0,411366.6666666667,0.0,0.0,0.0,0.0,146.66979543775707
203102,2031,2031-02-01,1913503.1232900773,694670.372619195,954135.8794419727,0.0,411366.6666666667,0.0,0.0,0.0,0.0,146.66979543775707
203103,2031,2031-03-01,1706874.5441630264,616333.5756251574,825844.0973089593,0.0,411366.6666666667,0.0,0.0,0.0,0.0,146.66979543775707
203104,2031,2031-04-01,2063210.3800718884,763186.487111363,1035327.0217316159,0.0,411366.6666666667,0.0,0.0,0.0,0.0,146.66979543775707
203105,2031,2031-05-01,2054249.1551314027,764243.0679666424,1025309.2159358509,0.0,411366.6666666667,0.0,0.0,0.0,0.0,146.66979543775707
203106,2031,2031-06-01,2019870.8526760426,758908.9116338325,996265.0698133006,0.0,411366.6666666667,0.0,0.0,0.0,0.0,146.66979543775707
203107,2031,2031-07-01,2068852.048743175,792660.3620146053,1011494.8154996603,0.0,411366.6666666667,0.0,0.0,0.0,0.0,146.66979543775707
203108,2031,2031-08-01,1926552.6853459538,732928.0614984169,928927.7526186272,0.0,411366.6666666667,0.0,0.0,0.0,0.0,146.66979543775707
203109,2031,2031-09-01,1992269.6490648065,758278.1170933672,969294.66074253,0.0,411366.6666666667,0.0,0.0,0.0,0.0,146.66979543775707
203110,2031,2031-10-01,2025059.1377713697,773208.2353730059,987154.0311694546,0.0,411366.6666666667,0.0,0.0,0.0,0.0,146.66979543775707
203111,2031,2031-11-01,1951863.3162821245,732005.5244829864,955160.9205702288,0.0,411366.6666666667,0.0,0.0,0.0,0.0,146.66979543775707
203112,2031,2031-12-01,1827387.8411189266,677721.7118100673,884969.2580799498,0.0,411366.6666666667,0.0,0.0,0.0,0.0,146.66979543775707
203201,2032,2032-01-01,2073647.2448078236,754178.2617933525,1056352.8106845208,0.0,411366.6666666667,0.0,0.0,0.0,0.0,148.25049433671637
203202,2032,2032-02-01,1929329.802700628,676975.5035136074,989238.1268570703,0.0,411366.6666666667,0.0,0.0,0.0,0.0,148.25049433671637
203203,2032,2032-03-01,1721391.783779344,602049.3260202231,856226.2854291706,0.0,411366.6666666667,0.0,0.0,0.0,0.0,148.25049433671637
203204,2032,2032-04-01,2083368.1288107052,746834.452805092,1073417.503675663,0.0,411366.6666666667,0.0,0.0,0.0,0.0,148.25049433671637
203205,2032,2032-05-01,2074018.300419862,747874.1815513247,1063027.9465385869,0.0,411366.6666666667,0.0,0.0,0.0,0.0,148.25049433671637
203206,2032,2032-06-01,2038864.6463418463,742830.1443251773,1032918.3296867188,0.0,411366.6666666667,0.0,0.0,0.0,0.0,148.25049433671637
203207,2032,2032-07-01,2090194.006007162,778370.3146657329,1048707.5190114789,0.0,411366.6666666667,0.0,0.0,0.0,0.0,148.25049433671637
203208,2032,2032-08-01,1946982.0004108313,720760.0657341417,963105.7623467391,0.0,411366.6666666667,0.0,0.0,0.0,0.0,148.25049433671637
203209,2032,2032-09-01,2012859.8321981532,744789.7817762552,1004953.8780919478,0.0,411366.6666666667,0.0,0.0,0.0,0.0,148.25049433671637
203210,2032,2032-10-01,2046154.3430533512,759566.2984931605,1023471.8722302405,0.0,411366.6666666667,0.0,0.0,0.0,0.0,148.25049433671637
203211,2032,2032-11-01,1969774.8644128162,716357.6455038108,990301.0465790554,0.0,411366.6666666667,0.0,0.0,0.0,0.0,148.25049433671637
203212,2032,2032-12-01,1844064.315184298,663420.3781863287,917527.7646680189,0.0,411366.6666666667,0.0,0.0,0.0,0.0,148.25049433671637
203301,2033,2033-01-01,2085311.08241986,737499.5545522332,1083484.660777279,0.0,411366.6666666667,0.0,0.0,0.0,0.0,147.03979957631853
203302,2033,2033-02-01,1938116.5951443226,659142.8557600499,1014646.8722939247,0.0,411366.6666666667,0.0,0.0,0.0,0.0,147.03979957631853
203303,2033,2033-03-01,1730204.9502738945,587660.0834408825,878217.9997426638,0.0,411366.6666666667,0.0,0.0,0.0,0.0,147.03979957631853
203304,2033,2033-04-01,2095637.1296298758,730322.478069382,1100987.7844701456,0.0,411366.6666666667,0.0,0.0,0.0,0.0,147.03979957631853
203305,2033,2033-05-01,2086015.9061927272,731356.977477945,1090332.0616244343,0.0,411366.6666666667,0.0,0.0,0.0,0.0,147.03979957631853
203306,2033,2033-06-01,2050403.3587873236,726627.8373245142,1059448.6543724614,0.0,411366.6666666667,0.0,0.0,0.0,0.0,147.03979957631853
203307,2033,2033-07-01,2103924.493023749,763953.1822854874,1075644.4436479132,0.0,411366.6666666667,0.0,0.0,0.0,0.0,147.03979957631853
203308,2033,2033-08-01,1960644.4302502095,708476.7304856246,987840.832674237,0.0,411366.6666666667,0.0,0.0,0.0,0.0,147.03979957631853
203309,2033,2033-09-01,2026272.6180044322,731178.8768471668,1030766.8740669176,0.0,411366.6666666667,0.0,0.0,0.0,0.0,147.03979957631853
203310,2033,2033-10-01,2059880.5859698004,745794.496696352,1049759.2221831002,0.0,411366.6666666667,0.0,0.0,0.0,0.0,147.03979957631853
203311,2033,2033-11-01,1980656.1202744634,700591.0408547835,1015738.2123293318,0.0,411366.6666666667,0.0,0.0,0.0,0.0,147.03979957631853
203312,2033,2033-12-01,1854428.245554161,649006.2773061816,941095.1011576313,0.0,411366.6666666667,0.0,0.0,0.0,0.0,147.03979957631853
203401,2034,2034-01-01,2102355.690845738,720661.1318368143,1118226.023411771,0.0,411366.6666666667,0.0,0.0,0.0,0.0,147.89813106951377
203402,2034,2034-02-01,1951828.3366973645,641177.1310962925,1047182.6700039189,0.0,411366.6666666667,0.0,0.0,0.0,0.0,147.89813106951377
203403,2034,2034-03-01,1743007.7619077412,573161.5627131435,906377.6635974447,0.0,411366.6666666667,0.0,0.0,0.0,0.0,147.89813106951377
203404,2034,2034-04-01,2113411.750027967,713650.7878593727,1136292.426571442,0.0,411366.6666666667,0.0,0.0,0.0,0.0,147.89813106951377
203405,2034,2034-05-01,2103451.637572471,714687.2934077067,1125295.808567612,0.0,411366.6666666667,0.0,0.0,0.0,0.0,147.89813106951377
203406,2034,2034-06-01,2067185.088601732,710296.0763534745,1093420.4766511044,0.0,411366.6666666667,0.0,0.0,0.0,0.0,147.89813106951377
203407,2034,2034-07-01,2123007.785265769,749404.6566664202,1110134.5930021962,0.0,411366.6666666667,0.0,0.0,0.0,0.0,147.89813106951377
203408,2034,2034-08-01,1979052.3964041437,696067.3442741943,1019516.5165327964,0.0,411366.6666666667,0.0,0.0,0.0,0.0,147.89813106951377
203409,2034,2034-09-01,2044727.468387829,717440.1629823141,1063818.7698083618,0.0,411366.6666666667,0.0,0.0,0.0,0.0,147.89813106951377
203410,2034,2034-10-01,2078779.8334632025,731888.0844069408,1083423.213459109,0.0,411366.6666666667,0.0,0.0,0.0,0.0,147.89813106951377
203411,2034,2034-11-01,1996479.8068960242,684706.6490526699,1048304.6222462016,0.0,411366.6666666667,0.0,0.0,0.0,0.0,147.89813106951377
203412,2034,2034-12-01,1869212.528869941,634471.4231581461,971272.5701146419,0.0,411366.6666666667,0.0,0.0,0.0,0.0,147.89813106951377
203501,2035,2035-01-01,1998316.760341711,627131.3846054174,1024654.0991677601,0.0,494920.0,0.0,0.0,0.0,0.0,148.38872343146647
203502,2035,2035-02-01,1979589.1469169322,598628.0283605931,1034429.8419878052,0.0,494920.0,0.0,0.0,0.0,0.0,148.38872343146647
203503,2035,2035-03-01,1907443.873526674,584961.2922265935,975951.304731547,0.0,494920.0,0.0,0.0,0.0,0.0,148.38872343146647
203504,2035,2035-04-01,2151614.9038317096,674394.7701137312,1130688.8571494452,0.0,494920.0,0.0,0.0,0.0,0.0,148.38872343146647
203505,2035,2035-05-01,2168323.62968378,685433.6379747567,1136358.71514049,0.0,494920.0,0.0,0.0,0.0,0.0,148.38872343146647
203506,2035,2035-06-01,2173625.986761806,697293.4642678382,1129801.2459254344,0.0,494920.0,0.0,0.0,0.0,0.0,148.38872343146647
203507,2035,2035-07-01,2158632.750801033,709660.2888472647,1102441.1853852347,0.0,494920.0,0.0,0.0,0.0,0.0,148.38872343146647
203508,2035,2035-08-01,2187552.413828395,726665.1279226098,1114356.0093372515,0.0,494920.0,0.0,0.0,0.0,0.0,148.38872343146647
203509,2035,2035-09-01,2248466.1454398995,744516.4210334908,1157418.4478378755,0.0,494920.0,0.0,0.0,0.0,0.0,148.38872343146647
203510,2035,2035-10-01,2273289.757656746,755075.9715490923,1171682.5095391206,0.0,494920.0,0.0,0.0,0.0,0.0,148.38872343146647
203511,2035,2035-11-01,2146763.090489466,689264.5345090799,1110967.2794118528,0.0,494920.0,0.0,0.0,0.0,0.0,148.38872343146647
203512,2035,2035-12-01,2140054.468768065,686874.1395713766,1106649.0526281549,0.0,494920.0,0.0,0.0,0.0,0.0,148.38872343146647
203601,2036,2036-01-01,2222997.363436574,689598.9411289541,1187016.736698594,0.0,494920.0,0.0,0.0,0.0,0.0,148.53831439097388
203602,2036,2036-02-01,2061061.0023976502,605963.3634386854,1108715.9533499384,0.0,494920.0,0.0,0.0,0.0,0.0,148.53831439097388
203603,2036,2036-03-01,1854160.9664259336,546052.266073502,961727.0147434054,0.0,494920.0,0.0,0.0,0.0,0.0,148.53831439097388
203604,2036,2036-04-01,2236962.8123455755,683421.4349636324,1207159.6917729173,0.0,494920.0,0.0,0.0,0.0,0.0,148.53831439097388
203605,2036,2036-05-01,2225857.5844992464,684321.2797923381,1195154.619097882,0.0,494920.0,0.0,0.0,0.0,0.0,148.53831439097388
203606,2036,2036-06-01,2191249.266722195,681728.8696905904,1163138.7114225787,0.0,494920.0,0.0,0.0,0.0,0.0,148.53831439097388
203607,2036,2036-07-01,2250806.853618958,724242.967034128,1180182.2009758044,0.0,494920.0,0.0,0.0,0.0,0.0,148.53831439097388
203608,2036,2036-08-01,2106849.535090089,675565.6467765181,1084902.202704545,0.0,494920.0,0.0,0.0,0.0,0.0,148.53831439097388
203609,2036,2036-09-01,2169563.720512947,693148.3290644047,1130033.7058395166,0.0,494920.0,0.0,0.0,0.0,0.0,148.53831439097388
203610,2036,2036-10-01,2201658.186070122,706221.0747703254,1149055.4256907701,0.0,494920.0,0.0,0.0,0.0,0.0,148.53831439097388
203611,2036,2036-11-01,2112027.21366796,654519.2760606764,1111126.2519982576,0.0,494920.0,0.0,0.0,0.0,0.0,148.53831439097388
203612,2036,2036-12-01,1986173.916097577,608137.9884413911,1031654.2420471595,0.0,494920.0,0.0,0.0,0.0,0.0,148.53831439097388
203701,2037,2037-01-01,2239789.3387849233,672205.5119201205,1221035.9403775486,0.0,494920.0,0.0,0.0,0.0,0.0,148.3721135127457
203702,2037,2037-02-01,2074572.7310742852,587535.2387055277,1140489.6058815033,0.0,494920.0,0.0,0.0,0.0,0.0,148.3721135127457
203703,2037,2037-03-01,1866999.9819751019,531165.4074270454,989286.6880608022,0.0,494920.0,0.0,0.0,0.0,0.0,148.3721135127457
203704,2037,2037-04-01,2254471.6808779524,666170.1381079168,1241753.6562827814,0.0,494920.0,0.0,0.0,0.0,0.0,148.3721135127457
203705,2037,2037-05-01,2243062.5838628877,667108.3516703708,1229406.3457052626,0.0,494920.0,0.0,0.0,0.0,0.0,148.3721135127457
203706,2037,2037-06-01,2207911.0824427386,664892.3472486045,1196470.8487068797,0.0,494920.0,0.0,0.0,0.0,0.0,148.3721135127457
203707,2037,2037-07-01,2269766.6624240763,709215.9364808033,1214002.8394560188,0.0,494920.0,0.0,0.0,0.0,0.0,148.3721135127457
203708,2037,2037-08-01,2125239.764243673,662697.3476080874,1115994.530148331,0.0,494920.0,0.0,0.0,0.0,0.0,148.3721135127457
203709,2037,2037-09-01,2187914.5306937206,678951.5474979143,1162415.0967085517,0.0,494920.0,0.0,0.0,0.0,0.0,148.3721135127457
203710,2037,2037-10-01,2220398.4248952507,691865.9871691552,1181984.551238841,0.0,494920.0,0.0,0.0,0.0,0.0,148.3721135127457
203711,2037,2037-11-01,2127732.3316185502,638216.2750624144,1142968.1700688815,0.0,494920.0,0.0,0.0,0.0,0.0,148.3721135127457
203712,2037,2037-12-01,2000936.9696091507,593171.521674001,1061217.5614478954,0.0,494920.0,0.0,0.0,0.0,0.0,148.3721135127457
203801,2038,2038-01-01,2258427.4019188867,654649.0155928575,1256772.3494480979,0.0,494920.0,0.0,0.0,0.0,0.0,147.9139631220685
203802,2038,2038-02-01,2089840.0073193214,568965.2960045399,1173868.6744368498,0.0,494920.0,0.0,0.0,0.0,0.0,147.9139631220685
203803,2038,2038-03-01,1881415.6035764911,516165.04196301475,1018244.5247355447,0.0,494920.0,0.0,0.0,0.0,0.0,147.9139631220685
203804,2038,2038-04-01,2273851.501090924,648749.1432126325,1278096.3210003597,0.0,494920.0,0.0,0.0,0.0,0.0,147.9139631220685
203805,2038,2038-05-01,2262134.128021646,649741.0356605004,1265387.055483214,0.0,494920.0,0.0,0.0,0.0,0.0,147.9139631220685
203806,2038,2038-06-01,2226419.1355908015,647921.9941471093,1231491.1045657608,0.0,494920.0,0.0,0.0,0.0,0.0,147.9139631220685
203807,2038,2038-07-01,2290593.5473217196,694053.573357467,1249533.937086321,0.0,494920.0,0.0,0.0,0.0,0.0,147.9139631220685
203808,2038,2038-08-01,2145368.823630933,649706.7141225119,1148656.0726304897,0.0,494920.0,0.0,0.0,0.0,0.0,147.9139631220685
203809,2038,2038-09-01,2208067.409228345,664622.8545323188,1196438.5178180945,0.0,494920.0,0.0,0.0,0.0,0.0,147.9139631220685
203810,2038,2038-10-01,2240957.739082735,677373.3058950506,1216578.3963097527,0.0,494920.0,0.0,0.0,0.0,0.0,147.9139631220685
203811,2038,2038-11-01,2145214.376709985,621786.1429688584,1176422.196863195,0.0,494920.0,0.0,0.0,0.0,0.0,147.9139631220685
203812,2038,2038-12-01,2017359.7833951837,578077.6643404897,1092276.0821767626,0.0,494920.0,0.0,0.0,0.0,0.0,147.9139631220685
203901,2039,2039-01-01,2277364.5495289126,636926.9885067899,1292703.9040539365,0.0,494920.0,0.0,0.0,0.0,0.0,147.1863430318138
203902,2039,2039-02-01,2105410.279349807,550248.280802472,1207428.341579149,0.0,494920.0,0.0,0.0,0.0,0.0,147.1863430318138
203903,2039,2039-03-01,1896139.74874986,501050.71149560757,1047355.3802860664,0.0,494920.0,0.0,0.0,0.0,0.0,147.1863430318138
203904,2039,2039-04-01,2293532.6858068337,631162.9890387193,1314636.039799928,0.0,494920.0,0.0,0.0,0.0,0.0,147.1863430318138
203905,2039,2039-05-01,2281513.417797524,632212.824318368,1301566.9365109697,0.0,494920.0,0.0,0.0,0.0,0.0,147.1863430318138
203906,2039,2039-06-01,2245250.357512996,630816.4088021687,1266700.291742641,0.0,494920.0,0.0,0.0,0.0,0.0,147.1863430318138
203907,2039,2039-07-01,2311753.3846507343,678758.8865727867,1285260.8411097613,0.0,494920.0,0.0,0.0,0.0,0.0,147.1863430318138
203908,2039,2039-08-01,2165822.9159229174,636590.5028402358,1181498.7561144955,0.0,494920.0,0.0,0.0,0.0,0.0,147.1863430318138
203909,2039,2039-09-01,2228540.479311923,650160.9697723598,1230645.8525713768,0.0,494920.0,0.0,0.0,0.0,0.0,147.1863430318138
203910,2039,2039-10-01,2261835.736017444,662742.168844815,1251359.910204443,0.0,494920.0,0.0,0.0,0.0,0.0,147.1863430318138
203911,2039,2039-11-01,2163013.2606071914,605223.3090040693,1210056.294634936,0.0,494920.0,0.0,0.0,0.0,0.0,147.1863430318138
203912,2039,2039-12-01,2034102.2368936776,562863.1284415827,1123505.4514839086,0.0,494920.0,0.0,0.0,0.0,0.0,147.1863430318138
